url,title,price_byn,brand,ram_gb,ssd_gb,screen_size,is_discrete_gpu
https://www.ozon.by/product/ninkear-noutbuk-planshet-2-v-1-ybook15-dvoynaya-ozu-360-flip-sensornyy-ekran-podhodit-dlya-podarkov-1744640969/,"Ninkear Ноутбук/планшет 2 в 1 Ybook15(Двойная ОЗУ,360° флип сенсорный экран)Подходит для подарков, офиса, работы и учебы с Office Игровой ноутбук 15.6"", AMD Ryzen 3 3200U, RAM 16 ГБ, SSD 512 ГБ, AMD Radeon Vega 3, Windows Pro, (Mультитач, AI видеокарта, Русская клавиатура с подсветкой, RJ45, HDMI), серый, Русская раскладка",4071.36,Ninkear,16,512,15.6,0
https://www.ozon.by/product/redmi-book-14-2026-jyu4716cn-noutbuk-14-intel-core-ultra-5-125h-ram-16-gb-ssd-512-gb-intel-arc-4772485921/,"Redmi Book 14 2026 JYU4716CN Ноутбук 14"", Intel Core Ultra 5 125H, RAM 16 ГБ, SSD 512 ГБ, Intel Arc Graphics, Windows Home, (10010804), серый, перламутровый, Русская раскладка",6443.25,Redmi,16,512,14.0,0
https://www.ozon.by/product/noutbuk-15-6-amd-ryzen-5-3500u-ram-16-gb-ssd-512-gb-amd-radeon-vega-8-windows-pro-amd3500-2608267801/,"Ноутбук 15.6"", AMD Ryzen 5 3500U, RAM 16 ГБ, SSD 512 ГБ, AMD Radeon Vega 8, Windows Pro, (AMD3500), черный, серебристый, Русская раскладка",1827.06,Other,16,512,15.6,0
https://www.ozon.by/product/huawei-matebook-14-2-flmh-x-53014qlj-noutbuk-14-2-intel-core-ultra-5-125h-ram-32-gb-ssd-1024-gb-4670453474/,"HUAWEI MateBook 14.2"" FLMH-X 53014QLJ Ноутбук 14.2"", Intel Core Ultra 5 125H, RAM 32 ГБ, SSD 1024 ГБ, Intel Arc Graphics, Windows Home, (10010058), перламутровый, серебристый, Русская раскладка",8902.97,Huawei,32,1024,14.2,0
https://www.ozon.by/product/vectron-h91-igrovoy-noutbuk-16-1-amd-ryzen-3-8440u-ram-16-gb-ssd-512-gb-nvidia-geforce-mx330-2-5449851655/,"Vectron H91 Игровой ноутбук 16.1"", AMD Ryzen 3 8440U, RAM 16 ГБ, SSD 512 ГБ, NVIDIA GeForce MX330 (2 Гб), Windows Pro, серый, Русская раскладка",1417.21,Other,16,512,16.1,1
https://www.ozon.by/product/rikor-pro-3-dlya-raboty-i-ucheby-s-windows-noutbuk-15-6-intel-core-i3-1220p-ram-16-gb-ssd-512-5052089584/,"Rikor PRO 3 для работы и учебы с Windows Ноутбук 15.6"", Intel Core i3-1220P, RAM 16 ГБ, SSD 512 ГБ, Windows Home, черный, Русская раскладка",2550.7,Rikor,16,512,15.6,0
https://www.ozon.by/product/asus-expertbook-b5-noutbuk-16-intel-core-7-150u-ram-64-gb-ssd-1024-gb-intel-graphics-windows-4018687258/,"ASUS ExpertBook B5 Ноутбук 16"", Intel Core 7 150U, RAM 64 ГБ, SSD 1024 ГБ, Intel Graphics, Windows Pro, (90NX08H1-M00AD0/64GB/W11P), серый, Русская раскладка",6804.38,Asus,64,1024,16.0,0
https://www.ozon.by/product/ninkear-s14-2-2k-legche-tonshe-podhodit-dlya-igr-podarkov-i-raboty-igrovoy-noutbuk-14-amd-ryzen-5-2976232575/,"Ninkear S14(2.2K,Легче, тоньше,Подходит для игр,подарков и работы) Игровой ноутбук 14"", AMD Ryzen 5 7535HS, RAM 16 ГБ, SSD 1024 ГБ, AMD Radeon 660M, Windows Pro, (Оffice+Windows 11 Pro, AI видеокарта, Быстрая зарядка Type-C с PD 65W, WiFi 6, Физичecкaя штopкa кaмeры, Клавиатура с подсветкой, Угол обзора 180 градусов, Отпечатки пальцев), серебристый, Русская раскладка",6107.65,Ninkear,16,1024,14.0,0
https://www.ozon.by/product/thunderobot-911-x-wild-hunter-g3-pro-jt009k00kru-igrovoy-noutbuk-15-6-intel-core-i5-13420h-ram-16-3197859768/,"Thunderobot 911 X Wild Hunter G3 Pro (JT009K00KRU) Игровой ноутбук 15.6"", Intel Core i5-13420H, RAM 16 ГБ, SSD 1000 ГБ, NVIDIA GeForce RTX 5060 (8 Гб), Без системы, (6932066319366), черный, Русская раскладка",4693.78,Thunderobot,16,1000,15.6,1
https://www.ozon.by/product/noutbuk-15-6-amd-rayzen-7-5825u-ram-16-gb-ssd-256-gb-amd-radeon-graphics-windows-pro-seryy-5457329306/,"Ноутбук 15.6"", AMD Rayzen 7 5825U, RAM 16 ГБ, SSD 256 ГБ, AMD Radeon Graphics, Windows Pro, серый, Русская раскладка",2451.88,Other,16,256,15.6,0
https://www.ozon.by/product/redmi-book-14-2026-jyu4718cn-noutbuk-14-intel-core-ultra-5-125h-ram-32-gb-ssd-1024-gb-intel-arc-5584792999/,"Redmi Book 14 2026 JYU4718CN Ноутбук 14"", Intel Core Ultra 5 125H, RAM 32 ГБ, SSD 1024 ГБ, Intel Arc Graphics, Windows Home, (10010806), серый, серебристый, Русская раскладка",7782.1,Redmi,32,1024,14.0,0
https://www.ozon.by/product/digma-pro-fortis-m-noutbuk-15-6-amd-ryzen-5-7430u-ram-16-gb-ssd-512-gb-amd-radeon-windows-pro-dn15r5-1707633978/,"Digma Pro Fortis M Ноутбук 15.6"", AMD Ryzen 5 7430U, RAM 16 ГБ, SSD 512 ГБ, AMD Radeon, Windows Pro, (DN15R5-ADXW07), серый, Русская раскладка",1632.85,Digma,16,512,15.6,0
https://www.ozon.by/product/digma-pro-fortis-m-noutbuk-15-6-intel-core-i7-1355u-ram-16-gb-ssd-512-gb-intel-uhd-graphics-windows-2104099995/,"Digma Pro Fortis M Ноутбук 15.6"", Intel Core i7-1355U, RAM 16 ГБ, SSD 512 ГБ, Intel UHD Graphics, Windows Pro, (DN15P7-ADXW05), серый, Русская раскладка",1882.07,Digma,16,512,15.6,0
https://www.ozon.by/product/veltron-noutbuk-14-intel-core-ultra-5-125h-ram-32-gb-ssd-1024-gb-intel-arc-graphics-windows-3250185486/,"VELTRON Ноутбук 14"", Intel Core Ultra 5 125H, RAM 32 ГБ, SSD 1024 ГБ, Intel Arc Graphics, Windows Pro, черный, Русская раскладка",6279.33,Veltron,32,1024,14.0,0
https://www.ozon.by/product/rikor-neuro-5-dlya-raboty-i-ucheby-s-windows-noutbuk-15-6-intel-core-i5-1235u-ram-16-gb-ssd-512-3382597561/,"Rikor NEURO 5 для работы и учебы с Windows Ноутбук 15.6"", Intel Core i5-1235U, RAM 16 ГБ, SSD 512 ГБ, Intel Iris Xe Graphics, Windows Pro, (0003265A), черно-серый, Русская раскладка",2234.34,Rikor,16,512,15.6,0
https://www.ozon.by/product/moshchnyy-noutbuk-dlya-raboty-i-ucheby-s-podsvetkoy-takzhe-mozhet-ispolzovatsya-kak-noutbuk-2805459570/,"Мощный Ноутбук для работы и учебы с подсветкой, также может использоваться как ноутбук игровой, Ноутбук 15.6"", RAM 16 ГБ, SSD 265 ГБ, Intel UHD Graphics, Windows Pro, черный, Русская раскладка Ноутбук 15.6"", Intel Celeron N5095, RAM 16 ГБ, SSD 256 ГБ, Intel UHD Graphics, Windows Pro, (ноутбук для работы и учебы), Русская раскладка",1659.61,Other,16,265,15.6,0
https://www.ozon.by/product/thunderobot-range-16-evo-igrovoy-noutbuk-16-intel-core-i5-13420h-ram-16-gb-ssd-1000-gb-3197889493/,"Thunderobot Range 16 Evo Игровой ноутбук 16"", Intel Core i5-13420H, RAM 16 ГБ, SSD 1000 ГБ, NVIDIA GeForce RTX 5050 для ноутбуков (8 Гб), Без системы, (400477299), серый, Русская раскладка",4482.06,Thunderobot,16,1000,16.0,1
https://www.ozon.by/product/rikor-pro-3-dlya-raboty-i-ucheby-s-windows-noutbuk-15-6-intel-core-i3-1220p-ram-8-gb-ssd-256-5051932157/,"Rikor PRO 3 для работы и учебы с Windows Ноутбук 15.6"", Intel Core i3-1220P, RAM 8 ГБ, SSD 256 ГБ, Windows Home, черный, Русская раскладка",1954.84,Rikor,8,256,15.6,0
https://www.ozon.by/product/apple-macbook-air-noutbuk-13-6-apple-m5-10-cpu-10-gpu-ram-16-gb-ssd-1024-gb-apple-m5-gpu-10-4984264313/,"Apple MacBook Air Ноутбук 13.6"", Apple M5 (10 CPU, 10 GPU), RAM 16 ГБ, SSD 1024 ГБ, Apple M5 GPU (10-core), MacOS, (401625933), черный, Русская раскладка",6526.47,Apple,16,1024,13.6,0
https://www.ozon.by/product/noutbuk-15-6-intel-celeron-n5095a-ram-16-gb-ssd-1024-gb-intel-uhd-graphics-windows-pro-3500459153/,"Ноутбук 15.6"", Intel Celeron N5095A, RAM 16 ГБ, SSD 1024 ГБ, Intel UHD Graphics, Windows Pro, (Мощный ноутбук для работы и учёбы, игровой ноутбук Ноутбук), черный, Русская раскладка",2706.4,Other,16,1024,15.6,0
https://www.ozon.by/product/pwr-model-nx15i-noutbuk-15-6-noutbuk-15-6-ram-32-gb-ssd-2048-gb-intel-hd-graphics-530-windows-5726088375/,"PWR Модель: NX15I (Ноутбук 15.6"") Ноутбук 15.6"", RAM 32 ГБ, SSD 2048 ГБ, Intel HD Graphics 530, Windows Pro, серый, Русская раскладка",1352.73,Pwr,32,2048,15.6,0
https://www.ozon.by/product/redmi-book-pro-16-2026-jyu4773cn-noutbuk-16-intel-core-ultra-5-325-ram-24-gb-ssd-1024-gb-5584795151/,"Redmi Book Pro 16 2026 JYU4773CN Ноутбук 16"", Intel Core Ultra 5 325, RAM 24 ГБ, SSD 1024 ГБ, Intel Graphics, Windows Home, (10010817), серый, Русская раскладка",8572.53,Redmi,24,1024,16.0,0
https://www.ozon.by/product/xiaomi-book-16-jyu4643cn-noutbuk-16-intel-core-5-210h-ram-16-gb-ssd-512-gb-intel-uhd-graphics-2323266665/,"Xiaomi Book 16 JYU4643CN Ноутбук 16"", Intel Core 5 210H, RAM 16 ГБ, SSD 512 ГБ, Intel UHD Graphics, Windows Home, серый, перламутровый, Русская раскладка",5001.8,Xiaomi,16,512,16.0,0
https://www.ozon.by/product/intel-core-i7-igrovoy-noutbuk-dlya-igr-moshchnyy-noutbuk-15-6-ram-32-gb-ssd-2048-gb-windows-5616466969/,"Intel Core i7 Игровой Ноутбук для игр мощный Ноутбук 15.6"", RAM 32 ГБ, SSD 2048 ГБ, Windows Pro, серый, светло-серый, Русская раскладка",1775.39,Other,32,2048,15.6,0
https://www.ozon.by/product/digma-pro-pactos-noutbuk-16-amd-ryzen-5-7430u-ram-16-gb-ssd-512-gb-amd-radeon-graphics-windows-2104049186/,"Digma Pro Pactos Ноутбук 16"", AMD Ryzen 5 7430U, RAM 16 ГБ, SSD 512 ГБ, AMD Radeon Graphics, Windows Pro, серый, Русская раскладка",1845.66,Digma,16,512,16.0,0
https://www.ozon.by/product/echips-noutbuk-echips-atlant-15-6-amd-ryzen-5-3500u-16-512-noutbuk-15-6-amd-ryzen-5-3500u-ram-16-3634253734/,"Echips Ноутбук Echips Atlant 15.6"" , AMD Ryzen 5 3500U , 16/512 Ноутбук 15.6"", AMD Ryzen 5 3500U, RAM 16 ГБ, SSD 512 ГБ, AMD Radeon RX Vega 8, Windows Home, (BM156UL-S), серый, Русская раскладка",1787.44,Other,16,512,15.6,1
https://www.ozon.by/product/igrovoy-noutbuk-15-6-amd-ryzen-5-3500u-ram-16-gb-ssd-256-gb-intel-uhd-graphics-windows-pro-2796075930/,"Игровой ноутбук 15.6"", AMD Ryzen 5 3500U, RAM 16 ГБ, SSD 256 ГБ, Intel UHD Graphics, Windows Pro, черный, серый, Русская раскладка",1560.91,Other,16,256,15.6,0
https://www.ozon.by/product/huawei-matebook-noutbuk-14-2-intel-core-ultra-7-155h-ram-32-gb-ssd-1000-gb-intel-arc-graphics-4694061076/,"HUAWEI MateBook Ноутбук 14.2"", Intel Core Ultra 7 155H, RAM 32 ГБ, SSD 1000 ГБ, Intel Arc Graphics, Без системы, (30094167), серый, Русская раскладка",4411.46,Huawei,32,1000,14.2,0
https://www.ozon.by/product/huawei-matebook-noutbuk-14-2-intel-core-ultra-5-125h-ram-16-gb-ssd-1000-gb-intel-arc-graphics-3591914237/,"HUAWEI MateBook Ноутбук 14.2"", Intel Core Ultra 5 125H, RAM 16 ГБ, SSD 1000 ГБ, Intel Arc Graphics, Без системы, (30092424), серый, Русская раскладка",3564.47,Huawei,16,1000,14.2,0
https://www.ozon.by/product/redmi-book-16-2026-jyu4712cn-noutbuk-16-intel-core-ultra-5-125h-ram-16-gb-ssd-512-gb-intel-5584793318/,"Redmi Book 16 2026 JYU4712CN Ноутбук 16"", Intel Core Ultra 5 125H, RAM 16 ГБ, SSD 512 ГБ, Intel Arc Graphics, Windows Home, (10010807), серый, серый металлик, Русская раскладка",6969.72,Redmi,16,512,16.0,0
https://www.ozon.by/product/machcreator-r5-noutbuk-15-6-amd-ryzen-5-7430u-ram-16-gb-ssd-512-gb-amd-radeon-bez-sistemy-3519162780/,"Machcreator R5 Ноутбук 15.6"", AMD Ryzen 5 7430U, RAM 16 ГБ, SSD 512 ГБ, AMD Radeon, Без системы, (6975971299446), серебристый, Русская раскладка",1764.56,Machcreator,16,512,15.6,0
https://www.ozon.by/product/dpdn-w18-igrovoy-noutbuk-15-6-amd-ryzen-3-8440u-ram-16-gb-ssd-512-gb-nvidia-geforce-mx330-2-5333919276/,"DPDN W18 Игровой ноутбук 15.6"", AMD Ryzen 3 8440U, RAM 16 ГБ, SSD 512 ГБ, NVIDIA GeForce MX330 (2 Гб), Windows Pro, синий, Русская раскладка",3707.61,Other,16,512,15.6,1
https://www.ozon.by/product/machcreator-d6-noutbuk-16-amd-ryzen-5-7430u-ram-16-gb-ssd-512-gb-amd-radeon-bez-sistemy-3519163728/,"Machcreator D6 Ноутбук 16"", AMD Ryzen 5 7430U, RAM 16 ГБ, SSD 512 ГБ, AMD Radeon, Без системы, (6975971299439), серебристый, Русская раскладка",1835.16,Machcreator,16,512,16.0,0
https://www.ozon.by/product/lenovo-noutbuk-15-6-intel-core-i3-1305u-ram-8-gb-ssd-256-gb-intel-uhd-graphics-82x7004bps-ru-seryy-1333868768/,"Lenovo Ноутбук 15,6"", Intel Core i3-1305U, RAM 8 ГБ, SSD 256 ГБ, Intel UHD Graphics, (82X7004BPS _RU), серый, Русская раскладка",2096.79,Lenovo,8,256,15.6,0
https://www.ozon.by/product/asus-tuf-gaming-a18-noutbuk-18-amd-ryzen-7-260-ram-16-gb-ssd-1000-gb-nvidia-geforce-rtx-5060-8-3868433511/,"ASUS TUF Gaming A18 Ноутбук 18"", AMD Ryzen 7 260, RAM 16 ГБ, SSD 1000 ГБ, NVIDIA GeForce RTX 5060 (8 Гб), Без системы, (90NR0NN1-M004V0), черный, Русская раскладка",5550.25,Asus,16,1000,18.0,1
https://www.ozon.by/product/asus-um3406ga-qd010-noutbuk-14-amd-ryzen-ai-7-445-ram-16-gb-ssd-1000-gb-amd-radeon-graphics-3637902316/,"ASUS UM3406GA-QD010 Ноутбук 14"", AMD Ryzen AI 7 445, RAM 16 ГБ, SSD 1000 ГБ, AMD Radeon Graphics, Без системы, (4711636329170), черный, Русская раскладка",3734.41,Asus,16,1000,14.0,0
https://www.ozon.by/product/asus-vivobook-15-m1502xa-15-6-1920x1080-noutbuk-amd-ryzen-9-7940hs-ram-16-gb-ssd-500-gb-amd-5765993570/,"ASUS Vivobook 15 M1502XA, 15.6"" (1920x1080), Ноутбук, AMD Ryzen 9 7940HS, RAM 16 ГБ, SSD 500 ГБ, AMD Radeon, Windows Pro, (90NB19L1-M000Z0_Win11P), темно-синий, Русская раскладка",4217.09,Asus,16,500,15.6,0
https://www.ozon.by/product/thunderobot-range-17-g2-pro-igrovoy-noutbuk-17-3-intel-core-i7-13620h-ram-16-gb-ssd-1000-gb-3197859369/,"Thunderobot Range 17 G2 Pro Игровой ноутбук 17.3"", Intel Core i7-13620H, RAM 16 ГБ, SSD 1000 ГБ, NVIDIA GeForce RTX 5060 для ноутбуков (8 Гб), Без системы, (400477317), черный, Русская раскладка",5505.51,Thunderobot,16,1000,17.3,1
https://www.ozon.by/product/veltron-noutbuk-15-6-amd-ryzen-7-7840hs-ram-16-gb-ssd-512-gb-amd-radeon-780m-windows-pro-4840909453/,"VELTRON Ноутбук 15.6"", AMD Ryzen 7 7840HS, RAM 16 ГБ, SSD 512 ГБ, AMD Radeon 780M, Windows Pro, Русская раскладка",2991.85,Veltron,16,512,15.6,0
https://www.ozon.by/product/digma-pro-fortis-m-noutbuk-17-3-amd-ryzen-5-7430u-ram-16-gb-ssd-512-gb-amd-radeon-graphics-windows-5668415176/,"Digma Pro Fortis M Ноутбук 17.3"", AMD Ryzen 5 7430U, RAM 16 ГБ, SSD 512 ГБ, AMD Radeon Graphics, Windows Pro, (DN17R5-ADXW01), серый, Русская раскладка",1765.77,Digma,16,512,17.3,0
https://www.ozon.by/product/redmi-book-16-2026-jyu4713cn-noutbuk-16-intel-core-ultra-5-125h-ram-16-gb-ssd-1024-gb-intel-arc-5584792393/,"Redmi Book 16 2026 JYU4713CN Ноутбук 16"", Intel Core Ultra 5 125H, RAM 16 ГБ, SSD 1024 ГБ, Intel Arc Graphics, Windows Home, (10010808), серый, серебристый, Русская раскладка",7499.59,Redmi,16,1024,16.0,0
https://www.ozon.by/product/igrovoy-noutbuk-15-6-amd-ryzen-9-6900hx-ram-16-gb-ssd-512-gb-amd-radeon-680m-windows-pro-seryy-5457461280/,"Игровой ноутбук 15.6"", AMD Ryzen 9 6900HX, RAM 16 ГБ, SSD 512 ГБ, AMD Radeon 680M, Windows Pro, серый, Английская раскладка",4460.1,Other,16,512,15.6,0
https://www.ozon.by/product/huawei-matebook-d-16-noutbuk-16-intel-core-i5-13420h-ram-16-gb-ssd-1000-gb-intel-uhd-graphics-1653035843/,"HUAWEI MateBook D 16 Ноутбук 16"", Intel Core i5-13420H, RAM 16 ГБ, SSD 1000 ГБ, Intel UHD Graphics, Без системы, (30072072), серый, Русская раскладка",2752.74,Huawei,16,1000,16.0,0
https://www.ozon.by/product/noutbuk-dlya-raboty-noutbuk-15-6-intel-n150-ram-16-gb-ssd-512-gb-intel-uhd-graphics-windows-pro-2544917564/,"ноутбук для работы Ноутбук 15.6"", Intel N150, RAM 16 ГБ, SSD 512 ГБ, Intel UHD Graphics, Windows Pro, (ноутбук для работы), серый, Русская раскладка",1921.12,Other,16,512,15.6,0
https://www.ozon.by/product/pwr-7098-igrovoy-noutbuk-16-ram-16-gb-ssd-1024-gb-nvidia-geforce-rtx-3050-6-gb-seryy-5668336181/,"PWR 7098 Игровой ноутбук 16"", RAM 16 ГБ, SSD 1024 ГБ, NVIDIA GeForce RTX 3050 (6 Гб), серый, Русская раскладка",3701.81,Pwr,16,1024,16.0,1
https://www.ozon.by/product/vanwin-winbook-pro-p18-sensornyy-ekran-igrovoy-noutbuk-15-6-amd-ryzen-5-7430u-ram-16-gb-ssd-512-3729473391/,"VANWIN WINBOOK PRO P18,сенсорный экран Игровой ноутбук 15.6"", AMD Ryzen 5 7430U, RAM 16 ГБ, SSD 512 ГБ, AMD Radeon Graphics, Windows Pro, (6 ядер и 12 потоков, Разблокировка по отпечатку пальца,гарантия 1 год), светло-серый, Русская раскладка",3914.05,Other,16,512,15.6,0
https://www.ozon.by/product/thunderobot-range-17-g2-evo-igrovoy-noutbuk-17-3-intel-core-i5-13420h-ram-16-gb-ssd-1000-gb-3197888612/,"Thunderobot Range 17 G2 Evo Игровой ноутбук 17.3"", Intel Core i5-13420H, RAM 16 ГБ, SSD 1000 ГБ, NVIDIA GeForce RTX 5050 (8 Гб), Без системы, (400477294), черный, Русская раскладка",4693.78,Thunderobot,16,1000,17.3,1
https://www.ozon.by/product/moshchnyy-noutbuk-dlya-raboty-i-ucheby-s-podsvetkoy-takzhe-mozhet-ispolzovatsya-kak-noutbuk-igrovoy-2805401977/,"Мощный Ноутбук для работы и учебы с подсветкой , также может использоваться как ноутбук игровой, Ноутбук 15.6"", RAM 16 ГБ, SSD 265 ГБ, Intel UHD Graphics, Windows Pro, черный, Русская раскладка Ноутбук 15.6"", Intel Celeron N5095, RAM 16 ГБ, SSD 256 ГБ, Intel UHD Graphics, Windows Pro, (ноутбук для работы и учебы), черный, Русская раскладка",1659.61,Other,16,265,15.6,0
https://www.ozon.by/product/rikor-neuro-3-dlya-raboty-i-ucheby-s-windows-noutbuk-15-6-amd-ryzen-5-7430u-ram-8-gb-ssd-256-gb-amd-3240755386/,"Rikor NEURO 3 для работы и учебы с Windows Ноутбук 15.6"", AMD Ryzen 5 7430U, RAM 8 ГБ, SSD 256 ГБ, AMD Radeon, Windows Pro, (RL-AC01), черный, черный матовый, Русская раскладка",1899.48,Rikor,8,256,15.6,0
https://www.ozon.by/product/veltron-noutbuk-15-6-intel-core-i3-1215u-ram-16-gb-ssd-1024-gb-intel-uhd-graphics-windows-pro-seryy-5472053724/,"VELTRON Ноутбук 15.6"", Intel Core i3-1215U, RAM 16 ГБ, SSD 1024 ГБ, Intel UHD Graphics, Windows Pro, серый, Русская раскладка",2130.33,Veltron,16,1024,15.6,0
https://www.ozon.by/product/huawei-matebook-14-flmh-x-53014hyd-noutbuk-14-intel-core-ultra-5-125h-ram-16-gb-ssd-1024-gb-5584796141/,"HUAWEI MateBook 14 FLMH-X 53014HYD Ноутбук 14"", Intel Core Ultra 5 125H, RAM 16 ГБ, SSD 1024 ГБ, Intel Arc Graphics, Windows Home, (10010044), светло-зеленый, Русская раскладка",7891.25,Huawei,16,1024,14.0,0
https://www.ozon.by/product/acer-aspire-go-ag15-44p-noutbuk-15-6-amd-ryzen-7-5825u-ram-16-gb-ssd-512-gb-bez-sistemy-4280183408/,"Acer Aspire Go AG15-44P Ноутбук 15.6"", AMD Ryzen 7 5825U, RAM 16 ГБ, SSD 512 ГБ, Без системы, (401060997), серебристый, Русская раскладка",2484.5,Acer,16,512,15.6,0
https://www.ozon.by/product/7840-black-gray-igrovoy-noutbuk-16-amd-ryzen-7-7840hs-ram-16-gb-ssd-512-gb-amd-radeon-windows-pro-5381530138/,"7840/BLACK/Gray Игровой ноутбук 16"", AMD Ryzen 7 7840HS, RAM 16 ГБ, SSD 512 ГБ, AMD Radeon, Windows Pro, черный, серый, Русская раскладка",4084.56,Other,16,512,16.0,0
https://www.ozon.by/product/expecomp-dlya-raboty-i-ucheby-noutbuk-15-6-intel-core-i7-1060g7-ram-12-gb-ssd-256-gb-intel-uhd-5012442608/,"EXPEcomp для работы и учебы Ноутбук 15.6"", Intel Core i7-1060G7, RAM 12 ГБ, SSD 256 ГБ, Intel UHD Graphics, Windows Pro, серый, Русская раскладка",1621.07,Other,12,256,15.6,0
https://www.ozon.by/product/asus-vivobook-17-noutbuk-17-3-intel-core-i3-1315u-ram-24-gb-ssd-1024-gb-intel-uhd-graphics-2202999470/,"ASUS VivoBook 17 Ноутбук 17.3"", Intel Core i3-1315U, RAM 24 ГБ, SSD 1024 ГБ, Intel UHD Graphics, Windows Pro, темно-синий, Русская раскладка",7219.25,Asus,24,1024,17.3,0
https://www.ozon.by/product/noutbuk-16-amd-opteron-3250-ram-16-gb-ssd-512-gb-amd-radeon-windows-pro-chernyy-seryy-3000399214/,"Ноутбук 16"", AMD Opteron 3250, RAM 16 ГБ, SSD 512 ГБ, AMD Radeon, Windows Pro, черный, серый, Русская раскладка",1583.96,Other,16,512,16.0,0
https://www.ozon.by/product/acer-aspire-go-ag15-44p-noutbuk-15-6-amd-ryzen-7-5825u-ram-16-gb-ssd-1000-gb-bez-sistemy-4280188182/,"Acer Aspire Go AG15-44P Ноутбук 15.6"", AMD Ryzen 7 5825U, RAM 16 ГБ, SSD 1000 ГБ, Без системы, (401061122), серебристый, Русская раскладка",2595.75,Acer,16,1000,15.6,0
https://www.ozon.by/product/moshchnyy-noutbuk-dlya-raboty-i-ucheby-s-podsvetkoy-takzhe-mozhet-ispolzovatsya-kak-noutbuk-igrovoy-3213393631/,"Мощный Ноутбук для работы и учебы с подсветкой, также может использоваться как ноутбук игровой, Ноутбук 15.6"", RAM 16 ГБ, SSD 1 ТБ, Intel UHD Graphics, Windows Pro, розовый, Русская раскладка Ноутбук 15.6"", Intel Celeron N5095, RAM 16 ГБ, SSD 1024 ГБ, Intel UHD Graphics, Windows Pro, (N95), розовый, Русская раскладка",1944.69,Other,16,1024,15.6,0
https://www.ozon.by/product/apple-neo-noutbuk-13-apple-a18-ram-8-gb-ssd-256-gb-macos-4324050-siniy-russkaya-raskladka-4916151821/,"Apple Neo Ноутбук 13"", Apple A18, RAM 8 ГБ, SSD 256 ГБ, MacOS, (4324050), синий, Русская раскладка",2999.79,Apple,8,256,13.0,0
https://www.ozon.by/product/digma-pro-fortis-m-noutbuk-14-1-intel-core-i5-1235u-ram-16-gb-ssd-512-gb-intel-iris-xe-2104021112/,"Digma Pro Fortis M Ноутбук 14.1"", Intel Core i5-1235U, RAM 16 ГБ, SSD 512 ГБ, Intel Iris Xe Graphics, Windows Pro, (DN14P5-ADXW03), серый, Русская раскладка",1687.54,Digma,16,512,14.1,0
https://www.ozon.by/product/dlya-raboty-i-ucheby-noutbuk-15-6-intel-celeron-n5095-ram-8-gb-ssd-256-gb-intel-uhd-graphics-windows-3890825195/,"Для работы и учебы Ноутбук 15.6"", Intel Celeron N5095, RAM 8 ГБ, SSD 256 ГБ, Intel UHD Graphics, Windows Home, серый, Русская раскладка",1435.97,Other,8,256,15.6,0
https://www.ozon.by/product/hp-hp-victus-15-fa2082wm-noutbuk-15-6-intel-core-i5-13420h-ram-16-gb-ssd-512-gb-nvidia-geforce-4056371207/,"HP HP Victus 15-fa2082wm Ноутбук 15.6"", Intel Core i5-13420H, RAM 16 ГБ, SSD 512 ГБ, NVIDIA GeForce RTX 4050 для ноутбуков (6 Гб), Windows Home, (B5EQ3UA), серебристый, Русская раскладка",3604.72,Other,16,512,15.6,1
https://www.ozon.by/product/xiseziuo-noutbuk-17-3-intel-n95-ram-16-gb-ssd-512-gb-intel-uhd-graphics-windows-pro-serebristyy-5605410794/,"XISEZIUO Ноутбук 17.3"", Intel N95, RAM 16 ГБ, SSD 512 ГБ, Intel UHD Graphics, Windows Pro, серебристый, Русская раскладка",2640.77,Other,16,512,17.3,0
https://www.ozon.by/product/asus-tuf-gaming-a15-fa506ncg-hn330-igrovoy-noutbuk-15-6-amd-ryzen-7-8845hs-ram-16-gb-ssd-512-5743521079/,"ASUS TUF Gaming A15 FA506NCG-HN330 Игровой ноутбук 15.6"", AMD Ryzen 7 8845HS, RAM 16 ГБ, SSD 512 ГБ, NVIDIA GeForce RTX 3050 для ноутбуков (4 Гб), Без системы, (90NR0JF7-M00SX0), черный, Русская раскладка",3460.19,Asus,16,512,15.6,1
https://www.ozon.by/product/a3500noutbuk-noutbuk-15-6-amd-ryzen-5-3500-ram-16-gb-ssd-512-gb-amd-radeon-vega-8-windows-2545129055/,"A3500ноутбук Ноутбук 15.6"", AMD Ryzen 5 3500, RAM 16 ГБ, SSD 512 ГБ, AMD Radeon Vega 8, Windows Pro, (A3500ноутбук игровой), серебристый, Русская раскладка",2037.65,Other,16,512,15.6,0
https://www.ozon.by/product/pwr-pwr-16-13905h-3050-igrovoy-noutbuk-16-ram-24-gb-ssd-1024-gb-nvidia-geforce-rtx-3050-6-gb-seryy-5747204772/,"PWR PWR-16-13905H-3050 Игровой ноутбук 16"", RAM 24 ГБ, SSD 1024 ГБ, NVIDIA GeForce RTX 3050 (6 Гб), серый, Русская раскладка",4310.46,Pwr,24,1024,16.0,1
https://www.ozon.by/product/igrovoy-noutbuk-noutbuk-15-6-intel-core-i7-6600u-ram-32-gb-ssd-2048-gb-nvidia-geforce-mx330-2-5754717496/,"Игровой ноутбук Ноутбук 15.6"", Intel Core i7-6600U, RAM 32 ГБ, SSD 2048 ГБ, NVIDIA GeForce MX330 (2 Гб), Windows Pro, серый, светло-серый, Русская раскладка",2020.78,Other,32,2048,15.6,1
https://www.ozon.by/product/asus-tuf-gaming-a18-fa808up-s8052-igrovoy-noutbuk-18-amd-ryzen-7-260-ram-32-gb-ssd-1000-gb-3519163234/,"ASUS TUF Gaming A18 FA808UP-S8052 Игровой ноутбук 18"", AMD Ryzen 7 260, RAM 32 ГБ, SSD 1000 ГБ, NVIDIA GeForce RTX 5070 для ноутбуков (8 Гб), Без системы, (400607629), серый, Русская раскладка",7537.38,Asus,32,1000,18.0,1
https://www.ozon.by/product/thunderobot-911-plus-g3-xd-igrovoy-noutbuk-17-3-intel-core-i5-13420h-ram-16-gb-ssd-512-gb-3197862272/,"Thunderobot 911 Plus G3 XD Игровой ноутбук 17.3"", Intel Core i5-13420H, RAM 16 ГБ, SSD 512 ГБ, NVIDIA GeForce RTX 4050 для ноутбуков (6 Гб), Без системы, (400477420), черный, Русская раскладка",3987.95,Thunderobot,16,512,17.3,1
https://www.ozon.by/product/y55-noutbuk-15-6-amd-ryzen-3-8440u-ram-16-gb-ssd-256-gb-nvidia-geforce-mx330-2-gb-windows-pro-5629475972/,"Y55 Ноутбук 15.6"", AMD Ryzen 3 8440U, RAM 16 ГБ, SSD 256 ГБ, NVIDIA GeForce MX330 (2 Гб), Windows Pro, (Y55), серебристый, Русская раскладка",1281.33,Other,16,256,15.6,1
https://www.ozon.by/product/xiaomi-book-14-jyu4633cn-noutbuk-14-intel-core-5-220h-ram-16-gb-ssd-512-gb-intel-uhd-graphics-2321813277/,"Xiaomi Book 14 JYU4633CN Ноутбук 14"", Intel Core 5 220H, RAM 16 ГБ, SSD 512 ГБ, Intel UHD Graphics, Windows Home, серый, перламутровый, Русская раскладка",5541.16,Xiaomi,16,512,14.0,0
https://www.ozon.by/product/asus-fa808-noutbuk-18-ram-16-gb-ssd-512-gb-bez-sistemy-402238086-seryy-russkaya-raskladka-5472135440/,"ASUS FA808 Ноутбук 18"", RAM 16 ГБ, SSD 512 ГБ, Без системы, (402238086), серый, Русская раскладка",5995.61,Asus,16,512,18.0,0
https://www.ozon.by/product/intel-core-i7-1165g7-4-yadra-8-potokov-igrovoy-noutbuk-dlya-igr-moshchnyy-noutbuk-15-6-intel-core-5618599529/,"Intel Core i7-1165G7 4 ядра, 8 потоков Игровой Ноутбук для игр мощный Ноутбук 15.6"", Intel Core i7-1165G7, RAM 32 ГБ, SSD 2048 ГБ, Windows Pro, темно-серый, Русская раскладка",2305.14,Other,32,2048,15.6,0
https://www.ozon.by/product/taganay-dlya-raboty-i-ucheby-noutbuk-15-6-amd-ryzen-3-3200u-ram-16-gb-ssd-512-gb-amd-radeon-vega-4191833812/,"Taganay для работы и учебы Ноутбук 15.6"", AMD Ryzen 3 3200U, RAM 16 ГБ, SSD 512 ГБ, AMD Radeon Vega 3, Windows Home, серый, Русская раскладка",1593.9,Other,16,512,15.6,0
https://www.ozon.by/product/asus-vivobook-17-noutbuk-17-3-intel-core-i3-1315u-ram-40-gb-ssd-2048-gb-intel-uhd-graphics-2202998937/,"ASUS VivoBook 17 Ноутбук 17.3"", Intel Core i3-1315U, RAM 40 ГБ, SSD 2048 ГБ, Intel UHD Graphics, Windows Pro, темно-синий, Русская раскладка",8978.15,Asus,40,2048,17.3,0
https://www.ozon.by/product/a3500noutbuk-noutbuk-15-6-amd-ryzen-5-3500-ram-16-gb-ssd-1024-gb-amd-radeon-vega-8-windows-3168321834/,"A3500ноутбук Ноутбук 15.6"", AMD Ryzen 5 3500, RAM 16 ГБ, SSD 1024 ГБ, AMD Radeon Vega 8, Windows Pro, (A3500ноутбук игровой), серебристый, Русская раскладка",2458.87,Other,16,1024,15.6,0
https://www.ozon.by/product/tecno-noutbuk-16-amd-ryzen-5-7535hs-ram-16-gb-ssd-512-gb-amd-radeon-660m-windows-home-4914324794/,"Tecno Ноутбук 16"", AMD Ryzen 5 7535HS, RAM 16 ГБ, SSD 512 ГБ, AMD Radeon 660M, Windows Home, (71005000406), серый, Русская раскладка",2175.73,Tecno,16,512,16.0,0
https://www.ozon.by/product/acer-sfa16-61m-r8tc-noutbuk-16-00-ram-16-gb-ssd-1024-gb-amd-radeon-820m-bez-sistemy-nx-djbcd-3743255798/,"Acer SFA16-61M-R8TC Ноутбук 16.00"", RAM 16 ГБ, SSD 1024 ГБ, AMD Radeon 820M, Без системы, (NX.DJBCD.001), серебристый, Русская раскладка",2841.92,Acer,16,1024,16.0,0
https://www.ozon.by/product/xiaomi-book-16-jyu4615cn-noutbuk-16-intel-core-i5-13420h-ram-16-gb-ssd-1024-gb-intel-uhd-graphics-5590343197/,"Xiaomi Book 16 JYU4615CN Ноутбук 16"", Intel Core i5-13420H, RAM 16 ГБ, SSD 1024 ГБ, Intel UHD Graphics, Windows Home, серый, бронза, Русская раскладка",5445.94,Xiaomi,16,1024,16.0,0
https://www.ozon.by/product/asus-noutbuk-14-intel-core-5-210h-ram-16-gb-ssd-512-gb-intel-uhd-graphics-bez-sistemy-90nb1681-3255371430/,"ASUS Ноутбук 14"", Intel Core 5 210H, RAM 16 ГБ, SSD 512 ГБ, Intel UHD Graphics, Без системы, (90NB1681-M006X0), серебристый, Русская раскладка",2282.37,Asus,16,512,14.0,0
https://www.ozon.by/product/dpdn-p30-igrovoy-noutbuk-16-1-amd-ryzen-5-7430u-ram-32-gb-ssd-512-gb-nvidia-geforce-mx330-2-gb-5627001373/,"DPDN P30 Игровой ноутбук 16.1"", AMD Ryzen 5 7430U, RAM 32 ГБ, SSD 512 ГБ, NVIDIA GeForce MX330 (2 Гб), Windows Home, (P30), лазурный, темно-синий, Русская раскладка",1955.96,Other,32,512,16.1,1
https://www.ozon.by/product/redmi-book-pro-14-2026-jyu4779cn-noutbuk-14-intel-core-ultra-5-325-ram-24-gb-ssd-1024-gb-intel-5584789122/,"Redmi Book Pro 14 2026 JYU4779CN Ноутбук 14"", Intel Core Ultra 5 325, RAM 24 ГБ, SSD 1024 ГБ, Intel Graphics, Windows Home, (10010814), голубой, синий, Русская раскладка",8311.49,Redmi,24,1024,14.0,0
https://www.ozon.by/product/noutbuk-15-6-intel-n150-ram-16-gb-ssd-512-gb-intel-uhd-graphics-windows-pro-seryy-russkaya-raskladka-4942880632/,"Ноутбук 15.6"", Intel N150, RAM 16 ГБ, SSD 512 ГБ, Intel UHD Graphics, Windows Pro, серый, Русская раскладка",2370.87,Other,16,512,15.6,0
https://www.ozon.by/product/noutbuk-15-6-intel-pentium-gold-6500y-ram-16-gb-ssd-512-gb-windows-home-seryy-metallik-3890785230/,"Ноутбук 15.6"", Intel Pentium Gold 6500Y, RAM 16 ГБ, SSD 512 ГБ, Windows Home, серый металлик, Русская раскладка",1405.73,Other,16,512,15.6,0
https://www.ozon.by/product/honor-magicbook-art-u5-noutbuk-14-6-intel-core-ultra-5-125h-ram-32-gb-ssd-1024-gb-intel-arc-graphics-4984292179/,"Honor MagicBook ART U5 Ноутбук 14.6"", Intel Core Ultra 5 125H, RAM 32 ГБ, SSD 1024 ГБ, Intel Arc Graphics, Windows Home, (401587969), зеленый, Русская раскладка",5293.45,Honor,32,1024,14.6,0
https://www.ozon.by/product/w18-igrovoy-noutbuk-16-1-amd-ryzen-5-7430u-ram-32-gb-ssd-512-gb-nvidia-geforce-mx330-2-gb-5733648567/,"W18 Игровой ноутбук 16.1"", AMD Ryzen 5 7430U, RAM 32 ГБ, SSD 512 ГБ, NVIDIA GeForce MX330 (2 Гб), Windows Home, черно-серый, Русская раскладка",1834.88,Other,32,512,16.1,1
https://www.ozon.by/product/digma-pro-breve-noutbuk-15-6-amd-ryzen-7-7730u-ram-16-gb-ssd-512-gb-amd-radeon-windows-pro-2344907531/,"Digma Pro  Breve Ноутбук 15.6"", AMD Ryzen 7 7730U, RAM 16 ГБ, SSD 512 ГБ, AMD Radeon, Windows Pro, (dn15r7-adxw05), серый металлик, Русская раскладка",2027.29,Digma,16,512,15.6,0
https://www.ozon.by/product/digma-pro-cursus-noutbuk-15-6-amd-ryzen-5-3500u-ram-16-gb-ssd-512-gb-amd-radeon-graphics-windows-2190321933/,"Digma Pro Cursus Ноутбук 15.6"", AMD Ryzen 5 3500U, RAM 16 ГБ, SSD 512 ГБ, AMD Radeon Graphics, Windows Pro, (DN15R5-ADXW10), серый, Русская раскладка",1491.09,Digma,16,512,15.6,0
https://www.ozon.by/product/digma-pro-fortis-m-i5-noutbuk-17-3-intel-core-i5-1235u-ram-16-gb-ssd-512-gb-intel-iris-xe-1564305325/,"Digma Pro  Fortis M i5  Ноутбук 17.3"", Intel Core i5-1235U, RAM 16 ГБ, SSD 512 ГБ, Intel Iris Xe Graphics, Windows Pro, (DN17P5-ADXW01), серый, Русская раскладка",2259.89,Digma,16,512,17.3,0
https://www.ozon.by/product/lenovo-pwr-igrovoy-noutbuk-16-intel-core-i7-6700hq-ram-32-gb-ssd-1024-gb-nvidia-gtx-1060-p106-6-4740734550/,"Lenovo PWR Игровой ноутбук 16"", Intel Core i7-6700HQ, RAM 32 ГБ, SSD 1024 ГБ, NVIDIA GTX 1060-P106 (6 Гб), (Встроенная и дискретная видеокарта), серебристый, серый металлик, Английская раскладка",2934.59,Lenovo,32,1024,16.0,1
https://www.ozon.by/product/machcreator-r16-noutbuk-16-amd-ryzen-5-7640hs-ram-16-gb-ssd-1000-gb-amd-radeon-760m-bez-sistemy-3267468426/,"Machcreator R16 Ноутбук 16"", AMD Ryzen 5 7640HS, RAM 16 ГБ, SSD 1000 ГБ, AMD Radeon 760M, Без системы, (400477449), серебристый, Русская раскладка",2576.28,Machcreator,16,1000,16.0,0
https://www.ozon.by/product/xiaomi-book-14-2025-jyu4677cn-noutbuk-14-intel-core-i5-13420h-ram-16-gb-ssd-512-gb-intel-3302588360/,"Xiaomi Book 14 2025 JYU4677CN Ноутбук 14"", Intel Core i5-13420H, RAM 16 ГБ, SSD 512 ГБ, Intel UHD Graphics, Windows Home, серебристый, хром, Русская раскладка",4897.96,Xiaomi,16,512,14.0,0
https://www.ozon.by/product/asus-tuf-gaming-f17-noutbuk-17-3-ram-16-gb-ssd-512-gb-nvidia-geforce-rtx-3050-6-gb-bez-3868555983/,"ASUS TUF Gaming F17 Ноутбук 17.3"", RAM 16 ГБ, SSD 512 ГБ, NVIDIA GeForce RTX 3050 (6 Гб), Без системы, (90NR0MY5-M003P0), черный, Русская раскладка",3409.94,Asus,16,512,17.3,1
https://www.ozon.by/product/apple-macbook-air-13-m5-noutbuk-13-6-ram-16-gb-ssd-512-gb-macos-mdhh4ll-a-siniy-4567557706/,"Apple MacBook Air 13 M5 Ноутбук 13.6"", RAM 16 ГБ, SSD 512 ГБ, MacOS, (MDHH4LL/A), синий, Английская раскладка",6998.61,Apple,16,512,13.6,0
https://www.ozon.by/product/noutbuk-15-6-amd-ryzen-5-3500u-ram-16-gb-ssd-1024-gb-amd-radeon-vega-8-windows-pro-amd3500-3375822532/,"Ноутбук 15.6"", AMD Ryzen 5 3500U, RAM 16 ГБ, SSD 1024 ГБ, AMD Radeon Vega 8, Windows Pro, (AMD3500), черный, серебристый, Русская раскладка",1998.43,Other,16,1024,15.6,0
https://www.ozon.by/product/xiaomi-book-14-2025-jyu4681cn-noutbuk-14-amd-ryzen-7-7735h-ram-16-gb-ssd-512-gb-amd-radeon-3270872996/,"Xiaomi Book 14 2025 JYU4681CN Ноутбук 14"", AMD Ryzen 7 7735H, RAM 16 ГБ, SSD 512 ГБ, AMD Radeon 680M, Windows Home, серый, светло-серый, Русская раскладка",5365.84,Xiaomi,16,512,14.0,0
https://www.ozon.by/product/honor-magicbook-pro-14-noutbuk-14-6-intel-core-ultra-5-338h-ram-32-gb-ssd-1000-gb-intel-graphics-5150869487/,"Honor MagicBook Pro 14 Ноутбук 14.6"", Intel Core Ultra 5 338H, RAM 32 ГБ, SSD 1000 ГБ, Intel Graphics, Windows Home, (402165414), серый, Русская раскладка",5293.45,Honor,32,1000,14.6,0
https://www.ozon.by/product/noutbuk-15-6-intel-celeron-n5095a-ram-16-gb-ssd-256-gb-intel-uhd-graphics-windows-pro-rozovyy-4941624155/,"Ноутбук 15.6"", Intel Celeron N5095A, RAM 16 ГБ, SSD 256 ГБ, Intel UHD Graphics, Windows Pro, розовый, Русская раскладка",1992.99,Other,16,256,15.6,0
https://www.ozon.by/product/fenk-c01-igrovoy-noutbuk-16-1-amd-ryzen-5-7430u-ram-32-gb-ssd-512-gb-nvidia-geforce-mx350-2-gb-4926471995/,"FENK C01 Игровой ноутбук 16.1"", AMD Ryzen 5 7430U, RAM 32 ГБ, SSD 512 ГБ, NVIDIA GeForce MX350 (2 ГБ), Windows Home, (G78), синий, Русская раскладка",1835.37,Other,32,512,16.1,1
https://www.ozon.by/product/honor-magicbook-x16-noutbuk-16-intel-core-i3-1315u-ram-8-gb-ssd-512-gb-intel-uhd-graphics-windows-3530649502/,"Honor MagicBook X16 Ноутбук 16"", Intel Core i3-1315U, RAM 8 ГБ, SSD 512 ГБ, Intel UHD Graphics, Windows Pro, (5301ALXS/WIN11PRO), серый, Русская раскладка",2457.4,Honor,8,512,16.0,0
https://www.ozon.by/product/xiaomi-book-14-jyu4680cn-noutbuk-14-amd-ryzen-5-7535h-ram-16-gb-ssd-512-gb-amd-radeon-660m-windows-5590334437/,"Xiaomi Book 14 JYU4680CN Ноутбук 14"", AMD Ryzen 5 7535H, RAM 16 ГБ, SSD 512 ГБ, AMD Radeon 660M, Windows Home, серый, светло-серый, Русская раскладка",4558.61,Xiaomi,16,512,14.0,0
https://www.ozon.by/product/noutbuk-15-6-intel-core-i7-11390h-ram-16-gb-ssd-1024-gb-intel-uhd-graphics-windows-pro-svetlo-seryy-5621511112/,"Ноутбук 15.6"", Intel Core i7-11390H, RAM 16 ГБ, SSD 1024 ГБ, Intel UHD Graphics, Windows Pro, светло-серый, Русская раскладка",2037.97,Other,16,1024,15.6,0
https://www.ozon.by/product/thunderobot-911s-core-d-jt009k00fru-igrovoy-noutbuk-15-6-intel-core-i5-12450h-ram-16-gb-ssd-512-gb-3197891748/,"Thunderobot 911S Core D (JT009K00FRU) Игровой ноутбук 15.6"", Intel Core i5-12450H, RAM 16 ГБ, SSD 512 ГБ, NVIDIA GeForce RTX 3050 для ноутбуков (4 Гб), Без системы, (400477267), черный, Русская раскладка",3176.25,Thunderobot,16,512,15.6,1
https://www.ozon.by/product/asus-m1807ga-s8046-noutbuk-18-amd-ryzen-ai-7-445-ram-32-gb-ssd-1000-gb-amd-radeon-graphics-3637873767/,"ASUS M1807GA-S8046 Ноутбук 18"", AMD Ryzen AI 7 445, RAM 32 ГБ, SSD 1000 ГБ, AMD Radeon Graphics, Без системы, (4711636336390), синий, Русская раскладка",6201.18,Asus,32,1000,18.0,0
https://www.ozon.by/product/digma-chronos-noutbuk-16-intel-core-5-210h-ram-16-gb-ssd-512-gb-intel-uhd-graphics-windows-5668335296/,"Digma Chronos Ноутбук 16"", Intel Core 5 210H, RAM 16 ГБ, SSD 512 ГБ, Intel UHD Graphics, Windows Pro, (DN16P5-ADXW02), серебристый, Русская раскладка",2349.43,Digma,16,512,16.0,0
https://www.ozon.by/product/asus-s3607aa-sh111-noutbuk-16-ram-32-gb-ssd-1000-gb-intel-graphics-bez-sistemy-400923756-seryy-4377447698/,"ASUS S3607AA-SH111 Ноутбук 16"", RAM 32 ГБ, SSD 1000 ГБ, Intel Graphics, Без системы, (400923756), серый, Русская раскладка",5104.83,Asus,32,1000,16.0,0
https://www.ozon.by/product/chuwi-corebook-air-plus-16-noutbuk-16-amd-ryzen-7-h-255-ram-16-gb-ssd-512-gb-amd-radeon-windows-5658070195/,"CHUWI CoreBook Air Plus 16"" Ноутбук 16"", AMD Ryzen 7 H 255, RAM 16 ГБ, SSD 512 ГБ, AMD Radeon, Windows Pro, (CWI654-751N5N1HDMXX), синий, Русская раскладка",2237.19,Other,16,512,16.0,0
https://www.ozon.by/product/pwr-legion-igrovoy-noutbuk-16-intel-core-i7-6700hq-ram-32-gb-ssd-1024-gb-nvidia-gtx-1060-p106-6-3887850428/,"PWR Legion Игровой ноутбук 16"", Intel Core i7-6700HQ, RAM 32 ГБ, SSD 1024 ГБ, NVIDIA GTX 1060-P106 (6 Гб), Windows Pro, (с подсветкой), серый, Русская раскладка",2914.17,Pwr,32,1024,16.0,1
https://www.ozon.by/product/asus-um3406ga-qd150-noutbuk-14-amd-ryzen-ai-5-430-ram-16-gb-ssd-1000-gb-amd-radeon-graphics-3637903008/,"ASUS UM3406GA-QD150 Ноутбук 14"", AMD Ryzen AI 5 430, RAM 16 ГБ, SSD 1000 ГБ, AMD Radeon Graphics, Без системы, (4711636331647), черный, Русская раскладка",3494.59,Asus,16,1000,14.0,0
https://www.ozon.by/product/huawei-matebook-d16-noutbuk-16-intel-core-i9-13900h-ram-16-gb-ssd-1000-gb-intel-iris-xe-graphics-3028441923/,"HUAWEI MateBook D16 Ноутбук 16"", Intel Core i9-13900H, RAM 16 ГБ, SSD 1000 ГБ, Intel Iris Xe Graphics, Без системы, (30086333), серый, Русская раскладка",3317.41,Huawei,16,1000,16.0,0
https://www.ozon.by/product/ninkear-x-book-n16-mate-pro-2-5k-120-gts-2ram-ai-83tops-igrovoy-noutbuk-16-intel-core-ultra-5-5413846862/,"Ninkear X-Book N16 Mate Pro(2.5K,120 Гц,2RAM,AI 83TOPS) Игровой ноутбук 16"", Intel Core Ultra 5 225H, RAM 24 ГБ, SSD 2048 ГБ, Intel Arc Graphics, Windows Pro, серый металлик, Русская раскладка",5567.72,Ninkear,24,2048,16.0,0
https://www.ozon.by/product/digma-pro-fortis-m-noutbuk-15-6-intel-core-i5-1235u-ram-16-gb-ssd-512-gb-intel-iris-xe-1707633906/,"Digma Pro Fortis M Ноутбук 15.6"", Intel Core i5-1235U, RAM 16 ГБ, SSD 512 ГБ, Intel Iris Xe Graphics, Windows Pro, (DN15P5-ADXW05), серый, Русская раскладка",1803.04,Digma,16,512,15.6,0
https://www.ozon.by/product/igrovoy-noutbuk-16-amd-ryzen-7-7735hs-ram-16-gb-ssd-512-gb-amd-radeon-rx-6500m-windows-pro-amd-ryzen-4025997567/,"Игровой ноутбук 16"", AMD Ryzen 7 7735HS, RAM 16 ГБ, SSD 512 ГБ, AMD Radeon RX 6500M, Windows Pro, (AMD Ryzen 7 7735HS), серый металлик, черный матовый, Английская раскладка",3820.1,Other,16,512,16.0,1
https://www.ozon.by/product/digma-pro-breve-noutbuk-15-6-amd-ryzen-5-7430u-ram-16-gb-ssd-512-gb-amd-radeon-windows-pro-dn15r5-1878343107/,"Digma Pro Breve Ноутбук 15.6"", AMD Ryzen 5 7430U, RAM 16 ГБ, SSD 512 ГБ, AMD Radeon, Windows Pro, (DN15R5-ADXW09), серебристый, Русская раскладка",1918.83,Digma,16,512,15.6,0
https://www.ozon.by/product/moshchnyy-noutbuk-dlya-raboty-i-ucheby-s-podsvetkoy-takzhe-mozhet-ispolzovatsya-kak-noutbuk-igrovoy-3004538398/,"Мощный Ноутбук для работы и учебы с подсветкой , также может использоваться как ноутбук игровой, Ноутбук 15.6"", RAM 16 ГБ, SSD 512 ГБ, Intel UHD Graphics, Windows Pro, черный, Русская раскладка Ноутбук 15.6"", Intel Celeron N5095, RAM 16 ГБ, SSD 512 ГБ, Intel UHD Graphics, Windows Pro, (N95), черный, Русская раскладка",1809.23,Other,16,512,15.6,0
https://www.ozon.by/product/xiaomi-book-16-jyu4585cn-noutbuk-16-intel-core-i5-12450h-ram-16-gb-ssd-512-gb-intel-uhd-5590345307/,"Xiaomi Book 16 JYU4585CN Ноутбук 16"", Intel Core i5-12450H, RAM 16 ГБ, SSD 512 ГБ, Intel UHD Graphics, Windows Home, (10010500), черный, серый, Русская раскладка",4718.16,Xiaomi,16,512,16.0,0
https://www.ozon.by/product/lenozion-igrovoy-noutbuk-16-intel-core-i7-6700hq-ram-16-gb-ssd-512-gb-nvidia-geforce-gtx-1060-6-gb-5525852522/,"Lenozion Игровой ноутбук 16"", Intel Core i7-6700HQ, RAM 16 ГБ, SSD 512 ГБ, NVIDIA GeForce GTX 1060 (6 Гб), Windows Pro, серый металлик, Русская раскладка",2761.26,Other,16,512,16.0,1
https://www.ozon.by/product/xiaomi-book-16-2025-jyu4683cn-noutbuk-16-amd-ryzen-7-7735h-ram-16-gb-ssd-512-gb-amd-radeon-680m-5590334832/,"Xiaomi Book 16 2025 JYU4683CN Ноутбук 16"", AMD Ryzen 7 7735H, RAM 16 ГБ, SSD 512 ГБ, AMD Radeon 680M, Windows Home, перламутровый, хром, Русская раскладка",5868.04,Xiaomi,16,512,16.0,0
https://www.ozon.by/product/redmi-book-14-2026-jyu4717cn-noutbuk-14-intel-core-ultra-5-125h-ram-16-gb-ssd-1024-gb-intel-arc-5584794220/,"Redmi Book 14 2026 JYU4717CN Ноутбук 14"", Intel Core Ultra 5 125H, RAM 16 ГБ, SSD 1024 ГБ, Intel Arc Graphics, Windows Home, (10010805), серый, серебристый, Русская раскладка",7235.92,Redmi,16,1024,14.0,0
https://www.ozon.by/product/maibenben-x16a-r777350f2rhg4e10-igrovoy-noutbuk-16-amd-ryzen-7-7735h-ram-16-gb-ssd-512-gb-nvidia-5184654381/,"MAIBENBEN X16A-R777350F2RHG4E10 Игровой ноутбук 16"", AMD Ryzen 7 7735H, RAM 16 ГБ, SSD 512 ГБ, NVIDIA GeForce RTX 3050 для ноутбуков (4 Гб), Windows Home, (X16A-R777350F2RHG4E10), серый, Русская раскладка",2908.25,Other,16,512,16.0,1
https://www.ozon.by/product/dpdn-w18-igrovoy-noutbuk-16-1-amd-ryzen-5-7430u-ram-32-gb-ssd-512-gb-nvidia-geforce-mx330-2-4598914504/,"DPDN W18 Игровой ноутбук 16.1"", AMD Ryzen 5 7430U, RAM 32 ГБ, SSD 512 ГБ, NVIDIA GeForce MX330 (2 Гб), Windows Home, серый, Русская раскладка",3709.47,Other,32,512,16.1,1
https://www.ozon.by/product/pwr-pwr-n78-noutbuk-15-6-intel-core-i7-8750h-ram-32-gb-ssd-2048-gb-intel-uhd-graphics-630-seryy-5658670912/,"PWR PWR N78 Ноутбук 15.6"", Intel Core i7-8750H, RAM 32 ГБ, SSD 2048 ГБ, Intel UHD Graphics 630, серый, Русская раскладка",2169.59,Pwr,32,2048,15.6,0
https://www.ozon.by/product/sancyi-igrovoy-noutbuk-15-6-intel-core-i5-6300u-ram-32-gb-ssd-2048-gb-windows-pro-serebristyy-4653512420/,"SANCYI Игровой ноутбук 15.6"", Intel Core i5-6300U, RAM 32 ГБ, SSD 2048 ГБ, Windows Pro, серебристый, Русская раскладка",1740.16,Other,32,2048,15.6,0
https://www.ozon.by/product/apple-noutbuk-13-6-apple-m5-10-cpu-8-gpu-ram-16-gb-ssd-512-gb-apple-m5-gpu-10-core-macos-bezhevyy-5678980997/,"Apple Ноутбук 13.6"", Apple M5 (10 CPU, 8 GPU), RAM 16 ГБ, SSD 512 ГБ, Apple M5 GPU (10-core), MacOS, бежевый, Английская раскладка",7366.13,Apple,16,512,13.6,0
https://www.ozon.by/product/xiseziuo-noutbuk-15-6-intel-core-i5-13420h-ram-16-gb-ssd-512-gb-intel-hd-graphics-520-windows-pro-5605411255/,"XISEZIUO Ноутбук 15.6"", Intel Core i5-13420H, RAM 16 ГБ, SSD 512 ГБ, Intel HD Graphics 520, Windows Pro, черный матовый, Русская раскладка",2129.41,Other,16,512,15.6,0
https://www.ozon.by/product/huawei-matebook-d16-mclg-x-53014hyk-noutbuk-16-intel-core-i7-13700h-ram-16-gb-ssd-1024-gb-intel-4669747148/,"HUAWEI MateBook  D16 MCLG-X 53014HYK Ноутбук 16"", Intel Core i7-13700H, RAM 16 ГБ, SSD 1024 ГБ, Intel Iris Xe Graphics, Windows Home, (10010055), хром, серый, Русская раскладка",6373.54,Huawei,16,1024,16.0,0
https://www.ozon.by/product/thunderobot-911-x-wild-hunter-g3-evo-igrovoy-noutbuk-15-6-intel-core-i5-13420h-ram-16-gb-ssd-512-3197861536/,"Thunderobot 911 X Wild Hunter G3 Evo Игровой ноутбук 15.6"", Intel Core i5-13420H, RAM 16 ГБ, SSD 512 ГБ, NVIDIA GeForce RTX 5050 (8 Гб), Без системы, (400477457), темно-серый, Русская раскладка",4129.14,Thunderobot,16,512,15.6,1
https://www.ozon.by/product/vysokoproizvoditelnyy-igrovoy-noutbuk-igrovoy-noutbuk-16-1-amd-ryzen-7-7735hs-ram-16-gb-ssd-512-4031972130/,"Высокопроизводительный игровой ноутбук Игровой ноутбук 16.1"", AMD Ryzen 7 7735HS, RAM 16 ГБ, SSD 512 ГБ, AMD Radeon RX 6500M, Windows Pro, серый, серый металлик, Английская раскладка",3835.36,Other,16,512,16.1,1
https://www.ozon.by/product/msi-cyborg-15-b2rwfkg-071us-9s7-15q342-256-noutbuk-15-6-intel-core-7-240h-ram-16-gb-ssd-512-gb-5329675139/,"MSI Cyborg 15 B2RWFKG-071US (9S7-15Q342-256) Ноутбук 15.6"", Intel Core 7 240H, RAM 16 ГБ, SSD 512 ГБ, NVIDIA GeForce RTX 5060 для ноутбуков (8 Гб), Windows Home, (402151601), черный, Русская раскладка",5289.29,Other,16,512,15.6,1
https://www.ozon.by/product/fenk-c01-igrovoy-noutbuk-16-1-amd-ryzen-5-7430u-ram-32-gb-ssd-512-gb-nvidia-geforce-mx350-2-4754007790/,"FENK C01 Игровой ноутбук 16.1"", AMD Ryzen 5 7430U, RAM 32 ГБ, SSD 512 ГБ, NVIDIA GeForce MX350 (2 ГБ), Windows Home, (G78), темно-синий, Русская раскладка",1833.04,Other,32,512,16.1,1
https://www.ozon.by/product/digma-pro-fortis-m-noutbuk-15-6-intel-core-i7-1255u-ram-16-gb-ssd-512-gb-intel-iris-xe-1707634721/,"Digma Pro Fortis M Ноутбук 15.6"", Intel Core i7-1255U, RAM 16 ГБ, SSD 512 ГБ, Intel Iris Xe Graphics, Windows Pro, (DN15P7-ADXW04), серый, Русская раскладка",2093.84,Digma,16,512,15.6,0
https://www.ozon.by/product/rikor-neuro-1-dlya-raboty-i-ucheby-s-windows-noutbuk-15-6-intel-celeron-n5100-ram-8-gb-ssd-256-gb-3972211982/,"Rikor NEURO 1 для работы и учебы с Windows Ноутбук 15.6"", Intel Celeron N5100, RAM 8 ГБ, SSD 256 ГБ, Windows Home, (RL-AC03), серый металлик, Русская раскладка",1060.77,Rikor,8,256,15.6,0
https://www.ozon.by/product/amd-ryzen7-7735hs-noutbuk-igrovoy-noutbuk-16-1-amd-ryzen-7-7735hs-ram-16-gb-ssd-512-gb-amd-radeon-rx-4098292791/,"AMD Ryzen7 7735HS ноутбук Игровой ноутбук 16.1"", AMD Ryzen 7 7735HS, RAM 16 ГБ, SSD 512 ГБ, AMD Radeon RX 6500M, Windows Pro, (AMD Ryzen 7 7735HS 16GB+512GBноутбук+Дискретная видеокарта AMD Radeon RX 6500M), серый, темно-серый, Английская раскладка",3695.19,Other,16,512,16.1,1
https://www.ozon.by/product/i7-11390h-noutbuk-igrovoy-noutbuk-14-intel-core-i7-11390h-ram-16-gb-ssd-512-gb-intel-iris-xe-3928101827/,"i7-11390H ноутбук Игровой ноутбук 14"", Intel Core i7-11390H, RAM 16 ГБ, SSD 512 ГБ, Intel Iris Xe Graphics, Windows Home, (i7 11390H 16GB+512GBноутбук), серый, Английская раскладка",2459.86,Other,16,512,14.0,0
https://www.ozon.by/product/veltron-noutbuk-15-6-intel-core-i3-1215u-ram-16-gb-ssd-512-gb-intel-uhd-graphics-windows-pro-seryy-5355540775/,"VELTRON Ноутбук 15.6"", Intel Core i3-1215U, RAM 16 ГБ, SSD 512 ГБ, Intel UHD Graphics, Windows Pro, серый, Русская раскладка",1951.77,Veltron,16,512,15.6,0
https://www.ozon.by/product/noutbuk-15-6-intel-n150-ram-16-gb-ssd-512-gb-intel-uhd-graphics-windows-pro-chernyy-seryy-2796077274/,"Ноутбук 15.6"", Intel N150, RAM 16 ГБ, SSD 512 ГБ, Intel UHD Graphics, Windows Pro, черный, серый, Русская раскладка",1481.82,Other,16,512,15.6,0
https://www.ozon.by/product/asus-vivobook-15-x1504va-noutbuk-15-6-intel-core-5-120u-ram-16-gb-ssd-512-gb-intel-graphics-5367757925/,"ASUS  Vivobook 15 X1504VA  Ноутбук 15.6"", Intel Core 5 120U, RAM 16 ГБ, SSD 512 ГБ, Intel Graphics, Windows Pro, (90NB13Y1-M012H0/W11P), синий, Русская раскладка",2668.41,Asus,16,512,15.6,0
https://www.ozon.by/product/asus-um3406-noutbuk-14-amd-ryzen-ai-5-430-ram-16-gb-ssd-512-gb-amd-radeon-840m-bez-sistemy-5415449864/,"ASUS UM3406 Ноутбук 14"", AMD Ryzen AI 5 430, RAM 16 ГБ, SSD 512 ГБ, AMD Radeon 840M, Без системы, (402234028), черный, Русская раскладка",4419.62,Asus,16,512,14.0,0
https://www.ozon.by/product/igrovoy-moshchnyy-dlya-raboty-i-ucheby-igrovoy-noutbuk-15-6-intel-core-i7-13620h-ram-16-gb-ssd-512-3890807768/,"игровой, мощный, для работы и учебы Игровой ноутбук 15.6"", Intel Core i7-13620H, RAM 16 ГБ, SSD 512 ГБ, Intel UHD Graphics, Windows Home, темно-серый, Русская раскладка",2211.14,Other,16,512,15.6,0
https://www.ozon.by/product/asus-s3607va-rp180-noutbuk-16-intel-core-5-210h-ram-16-gb-ssd-512-gb-intel-uhd-graphics-bez-sistemy-3637025422/,"ASUS S3607VA-RP180 Ноутбук 16"", Intel Core 5 210H, RAM 16 ГБ, SSD 512 ГБ, Intel UHD Graphics, Без системы, (4711636435550), серый, Русская раскладка",3220.5,Asus,16,512,16.0,0
https://www.ozon.by/product/honor-magicbook-x16-office-2021-pro-noutbuk-16-amd-ryzen-5-7640hs-ram-16-gb-ssd-512-gb-amd-radeon-3564473368/,"Honor MagicBook X16 + Office 2021 Pro Ноутбук 16"", AMD Ryzen 5 7640HS, RAM 16 ГБ, SSD 512 ГБ, AMD Radeon 760M, Windows Pro, (BRN-H56), серебристый, Русская раскладка",3180.71,Honor,16,512,16.0,0
https://www.ozon.by/product/asus-asus-fx608jmi-tu281-noutbuk-16-intel-core-i7-14650hx-ram-16-gb-ssd-512-gb-nvidia-geforce-4503907330/,"ASUS ASUS FX608JMI-TU281 Ноутбук 16"", Intel Core i7-14650HX, RAM 16 ГБ, SSD 512 ГБ, NVIDIA GeForce RTX 5060 для ноутбуков (8 Гб), Без системы, (401257944), серый, Русская раскладка",4899.28,Asus,16,512,16.0,1
https://www.ozon.by/product/igrovoy-noutbuk-noutbuk-16-1-amd-ryzen-7-7735hs-ram-16-gb-ssd-512-gb-amd-radeon-rx-6500m-windows-5095309290/,"Игровой ноутбук Ноутбук 16.1"", AMD Ryzen 7 7735HS, RAM 16 ГБ, SSD 512 ГБ, AMD Radeon RX 6500M, Windows Pro, черный, Английская раскладка",3358.34,Other,16,512,16.1,1
https://www.ozon.by/product/igrovoy-noutbuk-15-6-ram-16-gb-ssd-512-gb-amd-radeon-windows-pro-chernyy-seryy-russkaya-raskladka-2796077227/,"Игровой ноутбук 15.6"", RAM 16 ГБ, SSD 512 ГБ, AMD Radeon, Windows Pro, черный, серый, Русская раскладка",2251.89,Other,16,512,15.6,0
https://www.ozon.by/product/tecno-k16sfa-noutbuk-16-00-amd-ryzen-5-7535hs-ram-16-gb-ssd-1024-gb-amd-radeon-660m-windows-home-3743674737/,"Tecno K16SFA Ноутбук 16.00"", AMD Ryzen 5 7535HS, RAM 16 ГБ, SSD 1024 ГБ, AMD Radeon 660M, Windows Home, (71005000407), серый, Русская раскладка",2838.99,Tecno,16,1024,16.0,0
https://www.ozon.by/product/qqo-igrovoy-noutbuk-16-1-amd-ryzen-5-7430u-ram-32-gb-ssd-512-gb-nvidia-geforce-mx330-2-gb-5631448648/,"QQO Игровой ноутбук 16.1"", AMD Ryzen 5 7430U, RAM 32 ГБ, SSD 512 ГБ, NVIDIA GeForce MX330 (2 Гб), Windows Pro, темно-серый, Русская раскладка",1527.44,Other,32,512,16.1,1
https://www.ozon.by/product/honor-magicbook-x16-noutbuk-16-amd-ryzen-5-6600hs-ram-16-gb-ssd-512-gb-amd-radeon-660m-windows-5368334048/,"Honor  MagicBook X16  Ноутбук 16"", AMD Ryzen 5 6600HS, RAM 16 ГБ, SSD 512 ГБ, AMD Radeon 660M, Windows Pro, (5301APLM/W11P), серый, Русская раскладка",2652.07,Honor,16,512,16.0,0
https://www.ozon.by/product/huawei-noutbuk-intel-core-i5-13420h-ram-16-gb-ssd-1024-gb-intel-uhd-graphics-bez-sistemy-4756777548/,"HUAWEI Ноутбук, Intel Core i5-13420H, RAM 16 ГБ, SSD 1024 ГБ, Intel UHD Graphics, Без системы, серый металлик, Русская раскладка",2862.39,Huawei,16,1024,,0
https://www.ozon.by/product/digma-ascend-noutbuk-15-6-intel-core-i5-1235u-ram-16-gb-ssd-512-gb-intel-uhd-graphics-windows-5668155426/,"Digma Ascend Ноутбук 15.6"", Intel Core i5-1235U, RAM 16 ГБ, SSD 512 ГБ, Intel UHD Graphics, Windows Home, (DN15P5-ADXW07), серый, Русская раскладка",2056.1,Digma,16,512,15.6,0
https://www.ozon.by/product/redmi-book-16-2026-jyu4714cn-noutbuk-16-intel-core-ultra-5-125h-ram-32-gb-ssd-1024-gb-intel-5584796021/,"Redmi Book 16 2026 JYU4714CN Ноутбук 16"", Intel Core Ultra 5 125H, RAM 32 ГБ, SSD 1024 ГБ, Intel Arc Graphics, Windows Home, (10010809), серый, светло-серый, Русская раскладка",8037.17,Redmi,32,1024,16.0,0
https://www.ozon.by/product/noutbuk-15-6-amd-a4-9120-apu-ram-16-gb-ssd-512-gb-intel-uhd-graphics-windows-pro-seryy-5078017208/,"Ноутбук 15.6"", AMD A4-9120 APU, RAM 16 ГБ, SSD 512 ГБ, Intel UHD Graphics, Windows Pro, серый, Русская раскладка",2180.55,Other,16,512,15.6,0
https://www.ozon.by/product/igrovoy-noutbuk-15-6-ram-16-gb-ssd-256-gb-amd-radeon-windows-pro-chernyy-seryy-russkaya-raskladka-2796075371/,"Игровой ноутбук 15.6"", RAM 16 ГБ, SSD 256 ГБ, AMD Radeon, Windows Pro, черный, серый, Русская раскладка",2156.25,Other,16,256,15.6,0
https://www.ozon.by/product/xiaomi-book-16-jyu4586cn-noutbuk-16-intel-core-i5-12450h-ram-16-gb-ssd-1024-gb-intel-uhd-graphics-5590335252/,"Xiaomi Book 16 JYU4586CN Ноутбук 16"", Intel Core i5-12450H, RAM 16 ГБ, SSD 1024 ГБ, Intel UHD Graphics, Windows Home, серебристый, перламутровый, Русская раскладка",5413.86,Xiaomi,16,1024,16.0,0
https://www.ozon.by/product/igrovoy-noutbuk-15-6-amd-ryzen-5-3500u-ram-16-gb-ssd-1024-gb-amd-radeon-windows-pro-r11pro-5379412262/,"Игровой ноутбук 15.6"", AMD Ryzen 5 3500U, RAM 16 ГБ, SSD 1024 ГБ, AMD Radeon, Windows Pro, (R11Pro), темно-серый, Русская раскладка",2708.01,Other,16,1024,15.6,0
https://www.ozon.by/product/rikor-pro-3-dlya-raboty-i-ucheby-s-windows-noutbuk-15-6-intel-core-i3-1220p-ram-8-gb-ssd-512-5052045132/,"Rikor PRO 3 для работы и учебы с Windows Ноутбук 15.6"", Intel Core i3-1220P, RAM 8 ГБ, SSD 512 ГБ, Windows Home, черный, Русская раскладка",2371.17,Rikor,8,512,15.6,0
https://www.ozon.by/product/moshchnyy-noutbuk-dlya-raboty-i-ucheby-s-podsvetkoy-takzhe-mozhet-ispolzovatsya-kak-noutbuk-igrovoy-3213435313/,"Мощный Ноутбук для работы и учебы с подсветкой , также может использоваться как ноутбук игровой, Ноутбук 15.6"", RAM 16 ГБ, SSD 1024 ГБ, Intel UHD Graphics, Windows Pro, черный, Русская раскладка Ноутбук 15.6"", Intel Celeron N5095, RAM 16 ГБ, SSD 1024 ГБ, Intel UHD Graphics, Windows Pro, (N95), черный, Русская раскладка",2017.2,Other,16,1024,15.6,0
https://www.ozon.by/product/acer-swift-go-16-noutbuk-16-intel-core-ultra-7-155h-ram-32-gb-ssd-1024-gb-intel-arc-graphics-3540953128/,"Acer Swift Go 16 Ноутбук 16"", Intel Core Ultra 7 155H, RAM 32 ГБ, SSD 1024 ГБ, Intel Arc Graphics, Windows Home, (NX.KSHCD.003), серый, Русская раскладка",7004.19,Acer,32,1024,16.0,0
